{
  "42b138ca58598195931fd55cd7d078d47f87a897.jpg": {
    "title": "Data code",
    "description": "Data code, blue",
    "source": "https://www.shutterstock.com/image-photo/software-developer-programming-code-abstract-computer-235025131",
    "licence": "Shutterstock standard licence",
    "attribution": "Mclek",
    "tags": [
      {
        "title": "blue",
        "_id": "608686c0d0a9ce7fbf3a2d49"
      },
      {
        "title": "code",
        "_id": "608686c0d0a9ce7fbf3a2d3e"
      },
      {
        "title": "for",
        "_id": "608686c0d0a9ce7fbf3a2d52"
      },
      {
        "title": "break",
        "_id": "608686c0d0a9ce7fbf3a2d53"
      },
      {
        "title": "length",
        "_id": "608686c0d0a9ce7fbf3a2d54"
      },
      {
        "title": "format",
        "_id": "608686c0d0a9ce7fbf3a2d55"
      },
      {
        "title": "if",
        "_id": "608686c0d0a9ce7fbf3a2d56"
      }
    ]
  },
  "50253022ac8650bdccad84f4225f5100045c6da5.png": {
    "title": "CC-BY-SA",
    "description": "CC-BY-SA",
    "source": "https://creativecommons.org/",
    "licence": "CC0",
    "attribution": "https://creativecommons.org/",
    "tags": []
  },
  "6674b6d19f88e77b508eaea51cc20c51c91e6fcf.png": {
    "title": "EDP logo",
    "description": "EDP logo",
    "source": "https://www.europeandataportal.eu/",
    "licence": "All rights reserved",
    "attribution": "European Data Portal",
    "tags": []
  },
  "8069d2a4618084e967165ac7f06b4750e01098da.png": {
    "title": "Summary clipboard white",
    "description": "Summary clipboard white",
    "source": "https://theodi.org",
    "licence": "CC-BY",
    "attribution": "The Open Data Institute",
    "tags": []
  },
  "b0a1356f5ad57eff61e6a22b69a2e1b6d9773220.jpg": {
    "title": "fingerprint_550x370.jpg",
    "description": "fingerprint, thumb quality ",
    "source": "robodread",
    "licence": "Shutterstock standard licence",
    "attribution": "robodread",
    "tags": [
      {
        "title": "finger",
        "_id": "608686c2d0a9ce7fbf3a2d86"
      },
      {
        "title": "fingerprint",
        "_id": "608686c2d0a9ce7fbf3a2d87"
      },
      {
        "title": "quality",
        "_id": "608686c3d0a9ce7fbf3a2dca"
      },
      {
        "title": "thumb",
        "_id": "608686c3d0a9ce7fbf3a2dc9"
      }
    ]
  },
  "d83ce940ff76810967a9ec101f4cb6fefd54a4d0.png": {
    "title": "Adapt eLearning",
    "description": "Adapt eLearning",
    "source": "unknown",
    "licence": "unknown",
    "attribution": "unknown",
    "tags": [
      {
        "title": "client logos",
        "_id": "608686c4d0a9ce7fbf3a2df5"
      }
    ]
  },
  "f64ad121fc8e0250264e5d5f00c90d78cd6271a0.png": {
    "title": "ODI Learning Roundal Green-Blue",
    "description": "Main ODI logo",
    "source": "http://theodi.org/",
    "licence": "All rights reserved",
    "attribution": "The Open Data Institute",
    "tags": [
      {
        "title": "ODI logo",
        "_id": "608686c5d0a9ce7fbf3a2e19"
      },
      {
        "title": "intro logo",
        "_id": "608686c5d0a9ce7fbf3a2e18"
      }
    ]
  },
  "f9855a4bc775449c566dabcd78c05fde759d0689.png": {
    "title": "Open Logo Small",
    "description": "Open Logo Small",
    "source": "https://theodi.org",
    "licence": "All rights reserved",
    "attribution": "The Open Data Institute",
    "tags": []
  },
  "db970e4de0eaf7ad78f436bced48fcd1db496b88.jpg": {
    "title": "justice_430x430.jpg",
    "description": "Justice, accountability, law, equity",
    "source": "https://unsplash.com/photos/DZpc4UY8ZtY",
    "licence": "CC-BY",
    "attribution": "Tingey Injury Law Firm",
    "tags": [
      {
        "title": "justice",
        "_id": "609bcec0d0a9ce7fbf3a3919"
      },
      {
        "title": "accountability",
        "_id": "609bcec2d0a9ce7fbf3a391a"
      },
      {
        "title": "law",
        "_id": "609bcec3d0a9ce7fbf3a391b"
      },
      {
        "title": "equity",
        "_id": "609bcec5d0a9ce7fbf3a391c"
      }
    ]
  },
  "770b9a4df1ea387567ed2c4c23c8bd1955d49a5a.png": {
    "title": "Screenshot 2021-05-10 at 13.47.53.png",
    "description": "Open Data NI dataset",
    "source": "https://www.opendatani.gov.uk/dataset/doj-performance-statistics-assembly-written-questions",
    "licence": "All rights reserved",
    "attribution": "Open Data NI",
    "tags": []
  },
  "7ac658a53bf4a828175b32a479d87c8d1beaed71.png": {
    "title": "NI-Logo-No-Text.png",
    "description": "Open Data NI",
    "source": "https://drive.google.com/file/d/1JDcVyYhGwoABZoCfyRw5vexSOzFimLcH/view?usp=sharing",
    "licence": "All rights reserved",
    "attribution": "Open Data NI",
    "tags": [
      {
        "title": "NI Gov",
        "_id": "60ae5375d0a9ce7fbf3a41b4"
      }
    ]
  },
  "c77c8c51972818cc5b862c93cf2f4ad44f9e92ad.jpg": {
    "title": "legal-digital-530x370",
    "description": "NI Gov Law\nLegal requirments",
    "source": "https://pixabay.com/photos/right-law-attorney-justice-4926156/",
    "licence": "CC0",
    "attribution": "herbinisaac",
    "tags": []
  },
  "9c981d14f95c974b309615991103e991912be16c.jpg": {
    "title": "chip-storage-530x370",
    "description": "NI Gov \nTechnical requirments",
    "source": "https://www.pexels.com/photo/personal-computer-motherboard-4316/",
    "licence": "CC0",
    "attribution": "JÉSHOOTS",
    "tags": []
  },
  "33d07a1f0429e028d8dec59c84b2a48aeeb968c6.jpg": {
    "title": "plastic-cones-close-up-530x370",
    "description": "social requirements\nfor NI Gov",
    "source": "https://www.pexels.com/photo/close-up-photography-of-yellow-green-red-and-brown-plastic-cones-on-white-lined-surface-163064/",
    "licence": "CC0",
    "attribution": "Pixabay",
    "tags": []
  },
  "0917d7345ea6bfd3f1ed92a98172a0c7b60db757.jpeg": {
    "title": "earth-from-space-430x430",
    "description": "NI Gov \nstandards",
    "source": "https://www.pexels.com/photo/planet-earth-87651/",
    "licence": "CC0",
    "attribution": "Pixabay",
    "tags": []
  },
  "8c2fc9fadce1bd1e4546ad4130bb2590f946524c.jpg": {
    "title": "cogs-430x430",
    "description": "NI Gov \nCogs \nMachine\n",
    "source": "https://www.pexels.com/photo/gray-and-gold-steel-gears-159275/",
    "licence": "CC0",
    "attribution": "Pixabay",
    "tags": []
  },
  "69f9528dbbea57a92759ea2de8fcb17ae4f8bef7.jpg": {
    "title": "qaulity-eco-turbine-430x430",
    "description": "quality",
    "source": "https://unsplash.com/photos/rtdWpK6sw-M",
    "licence": "CC-BY",
    "attribution": "Etienne Girardet",
    "tags": []
  },
  "8c22a36eff1ff9176e9be8bbd28b96154acf0457.jpg": {
    "title": "Rubiks-cube",
    "description": "usability",
    "source": "https://www.pexels.com/photo/game-tricks-play-cheats-34591/",
    "licence": "CC-BY",
    "attribution": "Negative Space",
    "tags": []
  },
  "03bdc4b8c2b2c8ecd7071ed8d9a6b2032cb9d902.jpg": {
    "title": "pages-book-430x430",
    "description": "standards book pages",
    "source": "https://unsplash.com/photos/DCzpr09cTXY",
    "licence": "CC-BY",
    "attribution": "Mikołaj",
    "tags": []
  },
  "a38f0717eb7daa82166d59b478d282a2cdc33518.jpg": {
    "title": "pen-notepad-430x430",
    "description": "pen and notepad",
    "source": "https://www.pexels.com/photo/person-writing-on-notebook-3201466/",
    "licence": "CC-BY",
    "attribution": "cottonbro",
    "tags": []
  },
  "84d4e97867d8d6ac1431cde5ec5ca9a12f0936e6.png": {
    "title": "NI-Logo-No-Text-white",
    "description": "NI-Logo-No-Text-white",
    "source": "https://www.opendatani.gov.uk/",
    "licence": "All rights reserved",
    "attribution": "NI No text",
    "tags": []
  },
  "5892e013c63c3e5525029800030d49adc209ac12.jpg": {
    "title": "pages-book-530x370",
    "description": "pages standards book quality",
    "source": "https://unsplash.com/photos/DCzpr09cTXY",
    "licence": "CC-BY",
    "attribution": "Mikolaj",
    "tags": []
  }
}