{
  "2b5ec4242610756a70a3b5e12afaf1626f3f0d02.jpg": {
    "title": "kpi.jpg",
    "description": "kpi, key performance indicator, on track",
    "source": "https://www.shutterstock.com/image-vector/3d-illustration-concept-kpi-174926546",
    "licence": "Shutterstock standard licence",
    "attribution": "leromin",
    "tags": [
      {
        "title": "performance",
        "_id": "608686bfd0a9ce7fbf3a2d28"
      },
      {
        "title": "KPI",
        "_id": "608686bfd0a9ce7fbf3a2d29"
      },
      {
        "title": "indicator",
        "_id": "608686bfd0a9ce7fbf3a2d2a"
      },
      {
        "title": "keeping on track",
        "_id": "608686bfd0a9ce7fbf3a2d2b"
      }
    ]
  },
  "50253022ac8650bdccad84f4225f5100045c6da5.png": {
    "title": "CC-BY-SA",
    "description": "CC-BY-SA",
    "source": "https://creativecommons.org/",
    "licence": "CC0",
    "attribution": "https://creativecommons.org/",
    "tags": []
  },
  "6674b6d19f88e77b508eaea51cc20c51c91e6fcf.png": {
    "title": "EDP logo",
    "description": "EDP logo",
    "source": "https://www.europeandataportal.eu/",
    "licence": "All rights reserved",
    "attribution": "European Data Portal",
    "tags": []
  },
  "8069d2a4618084e967165ac7f06b4750e01098da.png": {
    "title": "Summary clipboard white",
    "description": "Summary clipboard white",
    "source": "https://theodi.org",
    "licence": "CC-BY",
    "attribution": "The Open Data Institute",
    "tags": []
  },
  "d83ce940ff76810967a9ec101f4cb6fefd54a4d0.png": {
    "title": "Adapt eLearning",
    "description": "Adapt eLearning",
    "source": "unknown",
    "licence": "unknown",
    "attribution": "unknown",
    "tags": [
      {
        "title": "client logos",
        "_id": "608686c4d0a9ce7fbf3a2df5"
      }
    ]
  },
  "f9855a4bc775449c566dabcd78c05fde759d0689.png": {
    "title": "Open Logo Small",
    "description": "Open Logo Small",
    "source": "https://theodi.org",
    "licence": "All rights reserved",
    "attribution": "The Open Data Institute",
    "tags": []
  },
  "7ac658a53bf4a828175b32a479d87c8d1beaed71.png": {
    "title": "NI-Logo-No-Text.png",
    "description": "Open Data NI",
    "source": "https://drive.google.com/file/d/1JDcVyYhGwoABZoCfyRw5vexSOzFimLcH/view?usp=sharing",
    "licence": "All rights reserved",
    "attribution": "Open Data NI",
    "tags": [
      {
        "title": "NI Gov",
        "_id": "60ae5375d0a9ce7fbf3a41b4"
      }
    ]
  },
  "bbab87cbc66e5f301ed99ab29c3881c45784daed.jpg": {
    "title": "working on computer-430x430",
    "description": "working on computer - orig mod 6 NI GOV",
    "source": "https://unsplash.com/photos/kwzWjTnDPLk ",
    "licence": "CC0",
    "attribution": "Lagos Techie",
    "tags": []
  },
  "77b6c900a7b586de15c714767c7724204fe6bef9.jpg": {
    "title": "Open Sign-430x430",
    "description": "NI GOV MOD 6",
    "source": "https://www.pexels.com/photo/selective-focus-photography-of-open-signage-1036857/\n",
    "licence": "CC0",
    "attribution": "Artem Beliaikin",
    "tags": []
  },
  "fac5a8d7405510f6d92b345fcd7288cf9f5c0761.jpg": {
    "title": "person-holding-pen-430x430.jpg",
    "description": "img2 of MOD 6 NI Gov",
    "source": "https://www.pexels.com/photo/person-holding-pen-pointing-at-graph-590020/",
    "licence": "CC0",
    "attribution": "Lukas",
    "tags": []
  },
  "d9d99dcf7bfe0a021b25205b57965a0d638d4aa5.jpg": {
    "title": "person-holding-pen-530x370.jpg",
    "description": "img2 of MOD 6 NI Gov",
    "source": "https://www.pexels.com/photo/person-holding-pen-pointing-at-graph-590020/",
    "licence": "CC0",
    "attribution": "Lukas",
    "tags": []
  },
  "6ef51631c6fd4a6d60fe4ee335d3a0cf9fc592a3.jpg": {
    "title": "computer-code-530x370",
    "description": "img4 mod8 NI Gov",
    "source": "https://unsplash.com/photos/f5pTwLHCsAg",
    "licence": "CC-BY",
    "attribution": "Lewis Kang'ethe Ngugi",
    "tags": []
  },
  "c7201b4cd605ff2462b9f90dc5eb978a23222cd3.jpg": {
    "title": "comp-phone-530x370",
    "description": "NI Gov",
    "source": "https://www.pexels.com/photo/marketing-businessman-person-hands-6802052/",
    "licence": "CC0",
    "attribution": "Anna Nekrashevich",
    "tags": []
  },
  "b78107e2faea3fc5a1a4b7865928037a38cbf0ce.jpg": {
    "title": "plasma-ball-530x370",
    "description": "NI Gov",
    "source": "https://www.pexels.com/photo/close-up-view-of-plasma-256302/",
    "licence": "CC0",
    "attribution": "Pixabay\n",
    "tags": []
  },
  "84d4e97867d8d6ac1431cde5ec5ca9a12f0936e6.png": {
    "title": "NI-Logo-No-Text-white",
    "description": "NI-Logo-No-Text-white",
    "source": "https://www.opendatani.gov.uk/",
    "licence": "All rights reserved",
    "attribution": "NI No text",
    "tags": []
  }
}