{
  "50253022ac8650bdccad84f4225f5100045c6da5.png": {
    "title": "CC-BY-SA",
    "description": "CC-BY-SA",
    "source": "https://creativecommons.org/",
    "licence": "CC0",
    "attribution": "https://creativecommons.org/",
    "tags": []
  },
  "6674b6d19f88e77b508eaea51cc20c51c91e6fcf.png": {
    "title": "EDP logo",
    "description": "EDP logo",
    "source": "https://www.europeandataportal.eu/",
    "licence": "All rights reserved",
    "attribution": "European Data Portal",
    "tags": []
  },
  "8069d2a4618084e967165ac7f06b4750e01098da.png": {
    "title": "Summary clipboard white",
    "description": "Summary clipboard white",
    "source": "https://theodi.org",
    "licence": "CC-BY",
    "attribution": "The Open Data Institute",
    "tags": []
  },
  "d83ce940ff76810967a9ec101f4cb6fefd54a4d0.png": {
    "title": "Adapt eLearning",
    "description": "Adapt eLearning",
    "source": "unknown",
    "licence": "unknown",
    "attribution": "unknown",
    "tags": [
      {
        "title": "client logos",
        "_id": "608686c4d0a9ce7fbf3a2df5"
      }
    ]
  },
  "f9855a4bc775449c566dabcd78c05fde759d0689.png": {
    "title": "Open Logo Small",
    "description": "Open Logo Small",
    "source": "https://theodi.org",
    "licence": "All rights reserved",
    "attribution": "The Open Data Institute",
    "tags": []
  },
  "7ac658a53bf4a828175b32a479d87c8d1beaed71.png": {
    "title": "NI-Logo-No-Text.png",
    "description": "Open Data NI",
    "source": "https://drive.google.com/file/d/1JDcVyYhGwoABZoCfyRw5vexSOzFimLcH/view?usp=sharing",
    "licence": "All rights reserved",
    "attribution": "Open Data NI",
    "tags": [
      {
        "title": "NI Gov",
        "_id": "60ae5375d0a9ce7fbf3a41b4"
      }
    ]
  },
  "32073fdfd002f1ea80c62602cdde3c28cf7a339f.jpg": {
    "title": "computer-keyboard-430X430",
    "description": "Computer keyboard img orginally for module 6 of NI Gov",
    "source": "https://unsplash.com/photos/DuHKoV44prg\n",
    "licence": "CC0",
    "attribution": "Fotis Fotopoulos",
    "tags": []
  },
  "39f72dee7a1d6f2848fdcc04fb816b473a8a74c3.jpg": {
    "title": "computer-headphones-530x370",
    "description": "img3 mod8 NI Gov",
    "source": "https://unsplash.com/photos/jmZ6QjvJjvk",
    "licence": "CC0",
    "attribution": "Kobu Agency",
    "tags": []
  },
  "5e6b09ebd818019053c8a173522152d33f8770b1.jpg": {
    "title": "comp-screen-graphs-530x370",
    "description": "img1 mod8 NI Gov",
    "source": "https://unsplash.com/photos/qwtCeJ5cLYs",
    "licence": "CC0",
    "attribution": "Stephen Dawson",
    "tags": []
  },
  "6c1b3070a696a64d5f85254726363f14d4d4ff85.jpg": {
    "title": "europe-430x430",
    "description": "Open data platforms across Europe",
    "source": "https://pixabay.com/photos/globe-map-country-borders-old-3383088/",
    "licence": "CC0",
    "attribution": "Michael Gaida",
    "tags": []
  },
  "f2673e12ba44482e687a137cb8eec40db8be15d0.jpg": {
    "title": "puzzle-430x430",
    "description": "Approaches to platform",
    "source": "https://pixabay.com/photos/puzzle-cube-wood-block-toys-7503/",
    "licence": "CC0",
    "attribution": "Hans",
    "tags": []
  },
  "472211b14fc9e865c466ea1ea307f46628ac7c78.jpeg": {
    "title": "glass-ball-data-530x370",
    "description": "img3 mod8 NI Gov \nWhat is an open data platform?\n",
    "source": "https://unsplash.com/photos/21mJd5NUGZU\n",
    "licence": "CC0",
    "attribution": "Sajad Nori",
    "tags": []
  },
  "2e0924809bdb1cc64b452bfc6b489765f5b34f97.png": {
    "title": "Magnifying glass on data-530x370",
    "description": "Magnifying glass on data, data formats",
    "source": "https://www.flickr.com/photos/mjtmail/3008566512",
    "licence": "CC-BY",
    "attribution": "mjtmail (tiggy)",
    "tags": [
      {
        "title": "Data",
        "_id": "608686bed0a9ce7fbf3a2cf4"
      },
      {
        "title": "Photo",
        "_id": "608686bed0a9ce7fbf3a2cef"
      },
      {
        "title": "data format",
        "_id": "608686c1d0a9ce7fbf3a2d70"
      },
      {
        "title": "Magnifying glass",
        "_id": "608686c1d0a9ce7fbf3a2d72"
      }
    ]
  },
  "2687d7754fdf05463ac262aeda73ecfdad7548f4.jpg": {
    "title": "motorway-approaches-430x430",
    "description": "Approaches to choosing",
    "source": "https://unsplash.com/photos/br9D5K3UTRQ",
    "licence": "CC-BY",
    "attribution": "Nick Frewings\n",
    "tags": []
  },
  "f6da9b8743f4f6ac921fda6a7fda0dbf7d8cdf64.jpg": {
    "title": "sun-430x430",
    "description": "benefits of using",
    "source": "https://unsplash.com/photos/5YWf-5hyZcw",
    "licence": "CC-BY",
    "attribution": "www.jamesdayart.com / James Day",
    "tags": []
  },
  "84d4e97867d8d6ac1431cde5ec5ca9a12f0936e6.png": {
    "title": "NI-Logo-No-Text-white",
    "description": "NI-Logo-No-Text-white",
    "source": "https://www.opendatani.gov.uk/",
    "licence": "All rights reserved",
    "attribution": "NI No text",
    "tags": []
  }
}