{
  "301936c4e7d37e6647647b3c3e5a305f0ae8a56f.jpg": {
    "title": "process",
    "description": "process",
    "source": "https://www.shutterstock.com/image-vector/science-futuristic-internet-high-computer-technology-142601674?src=lb-36497927",
    "licence": "Shutterstock standard licence",
    "attribution": "vs148",
    "tags": []
  },
  "50253022ac8650bdccad84f4225f5100045c6da5.png": {
    "title": "CC-BY-SA",
    "description": "CC-BY-SA",
    "source": "https://creativecommons.org/",
    "licence": "CC0",
    "attribution": "https://creativecommons.org/",
    "tags": []
  },
  "6390ca99e74ee881fc1042c7a43913d91caed010.jpg": {
    "title": "Tree",
    "description": "Tree",
    "source": "http://www.shutterstock.com/pic.mhtml?id=144334663&src=lb-36497927",
    "licence": "Shutterstock standard licence",
    "attribution": "vs148",
    "tags": []
  },
  "6674b6d19f88e77b508eaea51cc20c51c91e6fcf.png": {
    "title": "EDP logo",
    "description": "EDP logo",
    "source": "https://www.europeandataportal.eu/",
    "licence": "All rights reserved",
    "attribution": "European Data Portal",
    "tags": []
  },
  "8069d2a4618084e967165ac7f06b4750e01098da.png": {
    "title": "Summary clipboard white",
    "description": "Summary clipboard white",
    "source": "https://theodi.org",
    "licence": "CC-BY",
    "attribution": "The Open Data Institute",
    "tags": []
  },
  "d83ce940ff76810967a9ec101f4cb6fefd54a4d0.png": {
    "title": "Adapt eLearning",
    "description": "Adapt eLearning",
    "source": "unknown",
    "licence": "unknown",
    "attribution": "unknown",
    "tags": [
      {
        "title": "client logos",
        "_id": "608686c4d0a9ce7fbf3a2df5"
      }
    ]
  },
  "deb6f03514c6b6a36cccbe261121de144291a01a.jpg": {
    "title": "stars",
    "description": "Stars accordion",
    "source": "http://www.shutterstock.com/pic.mhtml?id=188328170&src=lb-36497927",
    "licence": "Shutterstock standard licence",
    "attribution": "vs148",
    "tags": [
      {
        "title": "stars",
        "_id": "608686c1d0a9ce7fbf3a2d7e"
      },
      {
        "title": "blue",
        "_id": "608686c0d0a9ce7fbf3a2d49"
      },
      {
        "title": "accordion",
        "_id": "608686c5d0a9ce7fbf3a2dfa"
      }
    ]
  },
  "f9855a4bc775449c566dabcd78c05fde759d0689.png": {
    "title": "Open Logo Small",
    "description": "Open Logo Small",
    "source": "https://theodi.org",
    "licence": "All rights reserved",
    "attribution": "The Open Data Institute",
    "tags": []
  },
  "fc2d8d76d6b6a31465bd431007605579174b6e34.jpg": {
    "title": "circle stars",
    "description": "Stars narrative",
    "source": "http://www.shutterstock.com/pic.mhtml?id=148686812&src=lb-36497927",
    "licence": "Shutterstock standard licence",
    "attribution": "vs148",
    "tags": [
      {
        "title": "narrative",
        "_id": "608686bed0a9ce7fbf3a2cea"
      },
      {
        "title": "stars",
        "_id": "608686c1d0a9ce7fbf3a2d7e"
      },
      {
        "title": "circles",
        "_id": "608686c6d0a9ce7fbf3a2e1f"
      }
    ]
  },
  "e75b5ea135fa3a1a636e64d93c85605bd992c031.png": {
    "title": "5-star data ",
    "description": "5-star data ",
    "source": "http://5stardata.info",
    "licence": "CC0",
    "attribution": "The Open Data Institute",
    "tags": []
  },
  "7ac658a53bf4a828175b32a479d87c8d1beaed71.png": {
    "title": "NI-Logo-No-Text.png",
    "description": "Open Data NI",
    "source": "https://drive.google.com/file/d/1JDcVyYhGwoABZoCfyRw5vexSOzFimLcH/view?usp=sharing",
    "licence": "All rights reserved",
    "attribution": "Open Data NI",
    "tags": [
      {
        "title": "NI Gov",
        "_id": "60ae5375d0a9ce7fbf3a41b4"
      }
    ]
  },
  "84d4e97867d8d6ac1431cde5ec5ca9a12f0936e6.png": {
    "title": "NI-Logo-No-Text-white",
    "description": "NI-Logo-No-Text-white",
    "source": "https://www.opendatani.gov.uk/",
    "licence": "All rights reserved",
    "attribution": "NI No text",
    "tags": []
  }
}