{
  "998ebc1d7c382c8b81f4422982efce0f4b27a07d.jpg": {
    "title": "Hands holding, trust, community",
    "description": "Hands holding, trust, community",
    "source": "https://www.pexels.com/photo/hands-people-friends-communication-45842/",
    "licence": "CC0",
    "attribution": "Pixabay",
    "tags": []
  },
  "0906f449a4639090ea7a59cef4c8ea9051af9e5a.jpg": {
    "title": "Crowd of people ",
    "description": "Crowd of people ",
    "source": "http://www.shutterstock.com/pic-164731838.html",
    "licence": "Shutterstock standard licence",
    "attribution": "STH",
    "tags": [
      {
        "title": "Communication",
        "_id": "608686bed0a9ce7fbf3a2cf1"
      },
      {
        "title": "Photo",
        "_id": "608686bed0a9ce7fbf3a2cef"
      },
      {
        "title": "Global",
        "_id": "608686bed0a9ce7fbf3a2cf0"
      }
    ]
  },
  "4c2b01ae0adef53b38affc904b2955a52b07e2ce.jpg": {
    "title": "Pie chart",
    "description": "Secure funding, pie chart, segment",
    "source": "https://www.shutterstock.com/image-vector/modern-vector-abstract-pie-chart-infographic-272132873?src=id",
    "licence": "Shutterstock standard licence",
    "attribution": "jiunn",
    "tags": [
      {
        "title": "Icon",
        "_id": "608686c0d0a9ce7fbf3a2d64"
      },
      {
        "title": "pie",
        "_id": "608686c0d0a9ce7fbf3a2d66"
      },
      {
        "title": "ODI splash",
        "_id": "608686c0d0a9ce7fbf3a2d65"
      }
    ]
  },
  "50253022ac8650bdccad84f4225f5100045c6da5.png": {
    "title": "CC-BY-SA",
    "description": "CC-BY-SA",
    "source": "https://creativecommons.org/",
    "licence": "CC0",
    "attribution": "https://creativecommons.org/",
    "tags": []
  },
  "6674b6d19f88e77b508eaea51cc20c51c91e6fcf.png": {
    "title": "EDP logo",
    "description": "EDP logo",
    "source": "https://www.europeandataportal.eu/",
    "licence": "All rights reserved",
    "attribution": "European Data Portal",
    "tags": []
  },
  "8069d2a4618084e967165ac7f06b4750e01098da.png": {
    "title": "Summary clipboard white",
    "description": "Summary clipboard white",
    "source": "https://theodi.org",
    "licence": "CC-BY",
    "attribution": "The Open Data Institute",
    "tags": []
  },
  "d83ce940ff76810967a9ec101f4cb6fefd54a4d0.png": {
    "title": "Adapt eLearning",
    "description": "Adapt eLearning",
    "source": "unknown",
    "licence": "unknown",
    "attribution": "unknown",
    "tags": [
      {
        "title": "client logos",
        "_id": "608686c4d0a9ce7fbf3a2df5"
      }
    ]
  },
  "f64ad121fc8e0250264e5d5f00c90d78cd6271a0.png": {
    "title": "ODI Learning Roundal Green-Blue",
    "description": "Main ODI logo",
    "source": "http://theodi.org/",
    "licence": "All rights reserved",
    "attribution": "The Open Data Institute",
    "tags": [
      {
        "title": "ODI logo",
        "_id": "608686c5d0a9ce7fbf3a2e19"
      },
      {
        "title": "intro logo",
        "_id": "608686c5d0a9ce7fbf3a2e18"
      }
    ]
  },
  "f9855a4bc775449c566dabcd78c05fde759d0689.png": {
    "title": "Open Logo Small",
    "description": "Open Logo Small",
    "source": "https://theodi.org",
    "licence": "All rights reserved",
    "attribution": "The Open Data Institute",
    "tags": []
  },
  "946b631069738ba5eda749db4b5cea57bc482512.jpeg": {
    "title": "pexels-photo-121732_pillars.jpeg",
    "description": "Pillars",
    "source": "https://www.pexels.com/photo/brown-concrete-building-with-pillars-against-clear-skies-121732/",
    "licence": "CC0",
    "attribution": "Pixels",
    "tags": []
  },
  "b9f14a610349d3bea4dbb0377eb45d17ee83c625.jpg": {
    "title": "team_530x370.jpg",
    "description": "team, working, programme, initiative",
    "source": "https://www.pexels.com/photo/top-view-photo-of-people-near-wooden-table-3183150/",
    "licence": "CC0",
    "attribution": "fauxels",
    "tags": [
      {
        "title": "team",
        "_id": "609bcb68d0a9ce7fbf3a38f3"
      },
      {
        "title": "teamwork",
        "_id": "609bd8cdd0a9ce7fbf3a3938"
      },
      {
        "title": "work",
        "_id": "609bd8ced0a9ce7fbf3a3939"
      },
      {
        "title": "initiative",
        "_id": "608686c5d0a9ce7fbf3a2e0e"
      },
      {
        "title": "programme",
        "_id": "609bd8d3d0a9ce7fbf3a393a"
      }
    ]
  },
  "7ac658a53bf4a828175b32a479d87c8d1beaed71.png": {
    "title": "NI-Logo-No-Text.png",
    "description": "Open Data NI",
    "source": "https://drive.google.com/file/d/1JDcVyYhGwoABZoCfyRw5vexSOzFimLcH/view?usp=sharing",
    "licence": "All rights reserved",
    "attribution": "Open Data NI",
    "tags": [
      {
        "title": "NI Gov",
        "_id": "60ae5375d0a9ce7fbf3a41b4"
      }
    ]
  },
  "f4f381f4921d64083e0cc6b2eba3b108ec5eb04d.png": {
    "title": "green-traingle-430x430",
    "description": "img 1 of m7 NI Gov",
    "source": "https://pixabay.com/vectors/triangle-plants-abstract-1710880/ - pixelbay licence - 95c / 164 images",
    "licence": "CC0",
    "attribution": "95c",
    "tags": []
  },
  "f19222f019e20c3ba0942ded1f25ef295902eeb9.png": {
    "title": "recycle-sign-430x430",
    "description": "img2 mod7 NI Gov",
    "source": "https://pixabay.com/illustrations/green-grass-prato-echo-ecological-1968595/",
    "licence": "CC0",
    "attribution": "Elias Riva",
    "tags": []
  },
  "28d3ef0a70c1c839c9539d4255b71f5879f00dc3.png": {
    "title": "green-triangle-530-370",
    "description": "img 1 of m7 NI Gov",
    "source": "https://pixabay.com/vectors/triangle-plants-abstract-1710880/",
    "licence": "CC0",
    "attribution": "95c",
    "tags": []
  },
  "13cfedc44e8dcd7f00c1bdf6b9b3b0022be7fdad.png": {
    "title": "Magnifying glass on data-430x430",
    "description": "Magnifying glass on data, data formats",
    "source": "https://www.flickr.com/photos/mjtmail/3008566512",
    "licence": "CC-BY",
    "attribution": "mjtmail (tiggy)",
    "tags": []
  },
  "84d4e97867d8d6ac1431cde5ec5ca9a12f0936e6.png": {
    "title": "NI-Logo-No-Text-white",
    "description": "NI-Logo-No-Text-white",
    "source": "https://www.opendatani.gov.uk/",
    "licence": "All rights reserved",
    "attribution": "NI No text",
    "tags": []
  }
}