{
  "326566ec4ff6a7d06a52389970b26d62e144d93d.jpg": {
    "title": "Flying pictures",
    "description": "Flying pictures",
    "source": "http://www.shutterstock.com/pic-79079872",
    "licence": "Shutterstock standard licence",
    "attribution": "Angela Waye",
    "tags": [
      {
        "title": "flying",
        "_id": "608686bed0a9ce7fbf3a2d02"
      },
      {
        "title": "pictures",
        "_id": "608686c0d0a9ce7fbf3a2d38"
      }
    ]
  },
  "50253022ac8650bdccad84f4225f5100045c6da5.png": {
    "title": "CC-BY-SA",
    "description": "CC-BY-SA",
    "source": "https://creativecommons.org/",
    "licence": "CC0",
    "attribution": "https://creativecommons.org/",
    "tags": []
  },
  "6674b6d19f88e77b508eaea51cc20c51c91e6fcf.png": {
    "title": "EDP logo",
    "description": "EDP logo",
    "source": "https://www.europeandataportal.eu/",
    "licence": "All rights reserved",
    "attribution": "European Data Portal",
    "tags": []
  },
  "8069d2a4618084e967165ac7f06b4750e01098da.png": {
    "title": "Summary clipboard white",
    "description": "Summary clipboard white",
    "source": "https://theodi.org",
    "licence": "CC-BY",
    "attribution": "The Open Data Institute",
    "tags": []
  },
  "8127cf10d6151128ccbbe52256cf9d9c2f0a5ce3.jpg": {
    "title": "Flying pictures",
    "description": "Flying pictures",
    "source": "http://www.shutterstock.com/pic-79079872",
    "licence": "Shutterstock standard licence",
    "attribution": "Angela Waye",
    "tags": [
      {
        "title": "flying",
        "_id": "608686bed0a9ce7fbf3a2d02"
      },
      {
        "title": "pictures",
        "_id": "608686c0d0a9ce7fbf3a2d38"
      }
    ]
  },
  "d83ce940ff76810967a9ec101f4cb6fefd54a4d0.png": {
    "title": "Adapt eLearning",
    "description": "Adapt eLearning",
    "source": "unknown",
    "licence": "unknown",
    "attribution": "unknown",
    "tags": [
      {
        "title": "client logos",
        "_id": "608686c4d0a9ce7fbf3a2df5"
      }
    ]
  },
  "f9855a4bc775449c566dabcd78c05fde759d0689.png": {
    "title": "Open Logo Small",
    "description": "Open Logo Small",
    "source": "https://theodi.org",
    "licence": "All rights reserved",
    "attribution": "The Open Data Institute",
    "tags": []
  },
  "d8eba67c2ced17760da9e7bb3bc38598a0a7b2bc.png": {
    "title": "Ambulance_530x370.png",
    "description": "Ambulance, emergency, service delivery",
    "source": "https://unsplash.com/photos/4hWvAJP8ofM",
    "licence": "CC-BY",
    "attribution": "Ian Taylor",
    "tags": []
  },
  "41d9f58a5efa3bd96c60dcb8b11d9a06beb5bf31.jpg": {
    "title": "farming_530x370.jpg",
    "description": "grains, farming, farmer, environment",
    "source": "https://unsplash.com/photos/JR8XZ-gdZrA\n",
    "licence": "CC-BY",
    "attribution": "Henry Be",
    "tags": []
  },
  "b94b7ebcedae2f41ba83b070f41b6c382d34f9ac.jpg": {
    "title": "football_530x370.jpg",
    "description": "Football, physical activity, openactive, new zealand, nz, sport, health",
    "source": "https://unsplash.com/photos/3wUhBmLfDws",
    "licence": "CC-BY",
    "attribution": "Ryan Clark",
    "tags": [
      {
        "title": "football",
        "_id": "609bcb66d0a9ce7fbf3a38f2"
      },
      {
        "title": "team",
        "_id": "609bcb68d0a9ce7fbf3a38f3"
      },
      {
        "title": "physical activity",
        "_id": "609bcb6ad0a9ce7fbf3a38f4"
      },
      {
        "title": "openactive",
        "_id": "609bcb78d0a9ce7fbf3a38f7"
      },
      {
        "title": "new zealand",
        "_id": "609bcb7ad0a9ce7fbf3a38f8"
      },
      {
        "title": "sport",
        "_id": "609bcb6bd0a9ce7fbf3a38f5"
      },
      {
        "title": "health",
        "_id": "609bcb74d0a9ce7fbf3a38f6"
      }
    ]
  },
  "3cad3e5048411fda99983e03fd2c9722d4c80385.jpg": {
    "title": "money_530x370.jpg",
    "description": "money, cash, costs, pounds, gbp",
    "source": "Christopher Bill",
    "licence": "CC-BY",
    "attribution": "Christopher Bill",
    "tags": [
      {
        "title": "money",
        "_id": "609bcbd8d0a9ce7fbf3a38fb"
      },
      {
        "title": "cash",
        "_id": "609bcbd9d0a9ce7fbf3a38fc"
      },
      {
        "title": "costs",
        "_id": "609bcbdcd0a9ce7fbf3a38fd"
      },
      {
        "title": "pounds",
        "_id": "609bcbded0a9ce7fbf3a38fe"
      },
      {
        "title": "gbp",
        "_id": "609bcbdfd0a9ce7fbf3a38ff"
      },
      {
        "title": "savings",
        "_id": "609bcc06d0a9ce7fbf3a3901"
      }
    ]
  },
  "6c6024ce086d14203ddd6c946871180e78e34c95.jpg": {
    "title": "NIcoast_530x370.jpg",
    "description": "Coast of Northern Ireland",
    "source": "https://unsplash.com/photos/j6NpUIniSI8",
    "licence": "CC-BY",
    "attribution": "Rory McKeever",
    "tags": [
      {
        "title": "aerial",
        "_id": "609bcc2fd0a9ce7fbf3a3903"
      },
      {
        "title": "Northern Ireland",
        "_id": "609bcc33d0a9ce7fbf3a3904"
      },
      {
        "title": "coast",
        "_id": "608686c3d0a9ce7fbf3a2da6"
      },
      {
        "title": "drone",
        "_id": "609bcc37d0a9ce7fbf3a3905"
      }
    ]
  },
  "d5df59b1b22cb613fb45dd49298286a0882d8f46.jpg": {
    "title": "train_530x370.jpg",
    "description": "Train at station",
    "source": "https://unsplash.com/photos/-ebp8HkKtrc",
    "licence": "CC-BY",
    "attribution": "Artur Tumasjan\n",
    "tags": [
      {
        "title": "train",
        "_id": "609bcd33d0a9ce7fbf3a3910"
      },
      {
        "title": "station",
        "_id": "609bcd34d0a9ce7fbf3a3911"
      },
      {
        "title": "passanger",
        "_id": "609bcd5dd0a9ce7fbf3a3914"
      },
      {
        "title": "leaving",
        "_id": "609bcd38d0a9ce7fbf3a3912"
      },
      {
        "title": "service",
        "_id": "60994943d0a9ce7fbf3a34fe"
      },
      {
        "title": "service delivery",
        "_id": "60994943d0a9ce7fbf3a34ff"
      }
    ]
  },
  "7ac658a53bf4a828175b32a479d87c8d1beaed71.png": {
    "title": "NI-Logo-No-Text.png",
    "description": "Open Data NI",
    "source": "https://drive.google.com/file/d/1JDcVyYhGwoABZoCfyRw5vexSOzFimLcH/view?usp=sharing",
    "licence": "All rights reserved",
    "attribution": "Open Data NI",
    "tags": [
      {
        "title": "NI Gov",
        "_id": "60ae5375d0a9ce7fbf3a41b4"
      }
    ]
  },
  "84d4e97867d8d6ac1431cde5ec5ca9a12f0936e6.png": {
    "title": "NI-Logo-No-Text-white",
    "description": "NI-Logo-No-Text-white",
    "source": "https://www.opendatani.gov.uk/",
    "licence": "All rights reserved",
    "attribution": "NI No text",
    "tags": []
  }
}