{
  "50253022ac8650bdccad84f4225f5100045c6da5.png": {
    "title": "CC-BY-SA",
    "description": "CC-BY-SA",
    "source": "https://creativecommons.org/",
    "licence": "CC0",
    "attribution": "https://creativecommons.org/",
    "tags": []
  },
  "52eb40b636463e780cd9ec9f63f3f19467c819d8.jpg": {
    "title": "wall screens",
    "description": "wall screens",
    "source": "https://www.shutterstock.com/image-illustration/multimedia-technology-background-art-concept-145267489",
    "licence": "Shutterstock standard licence",
    "attribution": "kentoh",
    "tags": [
      {
        "title": "Wall",
        "_id": "608686bfd0a9ce7fbf3a2d1e"
      },
      {
        "title": "screens",
        "_id": "608686c1d0a9ce7fbf3a2d6e"
      }
    ]
  },
  "6674b6d19f88e77b508eaea51cc20c51c91e6fcf.png": {
    "title": "EDP logo",
    "description": "EDP logo",
    "source": "https://www.europeandataportal.eu/",
    "licence": "All rights reserved",
    "attribution": "European Data Portal",
    "tags": []
  },
  "8069d2a4618084e967165ac7f06b4750e01098da.png": {
    "title": "Summary clipboard white",
    "description": "Summary clipboard white",
    "source": "https://theodi.org",
    "licence": "CC-BY",
    "attribution": "The Open Data Institute",
    "tags": []
  },
  "94164aeed2f6885fcdf44f9fe5484855c5238353.jpg": {
    "title": "Data",
    "description": "What is open data",
    "source": "https://www.shutterstock.com/image-vector/3d-illustration-concept-data-179384507?src=lb-35924366",
    "licence": "Shutterstock standard licence",
    "attribution": "leromin",
    "tags": [
      {
        "title": "Cartoon",
        "_id": "608686bfd0a9ce7fbf3a2d0a"
      },
      {
        "title": "Data",
        "_id": "608686bed0a9ce7fbf3a2cf4"
      },
      {
        "title": "blocks",
        "_id": "608686bfd0a9ce7fbf3a2d09"
      }
    ]
  },
  "d83ce940ff76810967a9ec101f4cb6fefd54a4d0.png": {
    "title": "Adapt eLearning",
    "description": "Adapt eLearning",
    "source": "unknown",
    "licence": "unknown",
    "attribution": "unknown",
    "tags": [
      {
        "title": "client logos",
        "_id": "608686c4d0a9ce7fbf3a2df5"
      }
    ]
  },
  "f64ad121fc8e0250264e5d5f00c90d78cd6271a0.png": {
    "title": "ODI Learning Roundal Green-Blue",
    "description": "Main ODI logo",
    "source": "http://theodi.org/",
    "licence": "All rights reserved",
    "attribution": "The Open Data Institute",
    "tags": [
      {
        "title": "ODI logo",
        "_id": "608686c5d0a9ce7fbf3a2e19"
      },
      {
        "title": "intro logo",
        "_id": "608686c5d0a9ce7fbf3a2e18"
      }
    ]
  },
  "f9855a4bc775449c566dabcd78c05fde759d0689.png": {
    "title": "Open Logo Small",
    "description": "Open Logo Small",
    "source": "https://theodi.org",
    "licence": "All rights reserved",
    "attribution": "The Open Data Institute",
    "tags": []
  },
  "29627d3a06d8385dddf5564184c1c416a19d7723.jpeg": {
    "title": "transparency bubble 550x370.jpeg",
    "description": "bubble clear transparency",
    "source": "https://static.pexels.com/photos/314829/pexels-photo-314829.jpeg",
    "licence": "CC0",
    "attribution": "Pexels",
    "tags": []
  },
  "946b631069738ba5eda749db4b5cea57bc482512.jpeg": {
    "title": "pexels-photo-121732_pillars.jpeg",
    "description": "Pillars",
    "source": "https://www.pexels.com/photo/brown-concrete-building-with-pillars-against-clear-skies-121732/",
    "licence": "CC0",
    "attribution": "Pixels",
    "tags": []
  },
  "97098c8ee9de1fdf439f74e042a31ca87367d42d.jpeg": {
    "title": "Pillar",
    "description": "pillars support",
    "source": "https://www.pexels.com/photo/brown-concrete-building-with-pillars-against-clear-skies-121732/",
    "licence": "CC0",
    "attribution": "Pexels",
    "tags": []
  },
  "571102fe1e45cdd08e6e5590a6a536d943815e31.png": {
    "title": "Open Data NI",
    "description": "Screenshot of data from Open Data NI",
    "source": "https://www.opendatani.gov.uk/dataset/ni-water-customer-tap-authorised-supply-point-results/resource/f2bc12c1-4277-4db5-8bd3-b7bb027cc401",
    "licence": "CC-BY",
    "attribution": "OpenDataNI",
    "tags": [
      {
        "title": "csv",
        "_id": "608686c3d0a9ce7fbf3a2db8"
      },
      {
        "title": "Data",
        "_id": "608686bed0a9ce7fbf3a2cf4"
      },
      {
        "title": "open data",
        "_id": "609aa0fed0a9ce7fbf3a37af"
      },
      {
        "title": "spreadsheet",
        "_id": "60994943d0a9ce7fbf3a34f4"
      }
    ]
  },
  "f0faf891530f3e29b3b8372e4d630eb54f3094b0.jpg": {
    "title": "open_430x430.jpg",
    "description": "open sign",
    "source": "https://unsplash.com/photos/LNwIJHUtED4",
    "licence": "CC-BY",
    "attribution": "Viktor Forgacs",
    "tags": [
      {
        "title": "open",
        "_id": "609bcc8bd0a9ce7fbf3a3908"
      }
    ]
  },
  "db2f34d9b31788d0e4e6ce1178d32be5b6388ffe.jpg": {
    "title": "participation_530x370.jpg",
    "description": "crowd, people, participation, civil society",
    "source": "https://unsplash.com/photos/31-pOduwZGE",
    "licence": "CC-BY",
    "attribution": "mauro mora",
    "tags": [
      {
        "title": "participation",
        "_id": "609bcce3d0a9ce7fbf3a390c"
      },
      {
        "title": "crowd",
        "_id": "609bcce0d0a9ce7fbf3a390b"
      },
      {
        "title": "people",
        "_id": "608686bed0a9ce7fbf3a2cf3"
      },
      {
        "title": "service delivery",
        "_id": "60994943d0a9ce7fbf3a34ff"
      }
    ]
  },
  "d57101018c9563ac3d4dafbc10597ffae8c71d14.jpg": {
    "title": "justice_530x370.jpg",
    "description": "Justice, accountability, law, equity",
    "source": "https://unsplash.com/photos/DZpc4UY8ZtY",
    "licence": "CC-BY",
    "attribution": "Tingey Injury Law Firm",
    "tags": [
      {
        "title": "justice",
        "_id": "609bcec0d0a9ce7fbf3a3919"
      },
      {
        "title": "accountability",
        "_id": "609bcec2d0a9ce7fbf3a391a"
      },
      {
        "title": "law",
        "_id": "609bcec3d0a9ce7fbf3a391b"
      },
      {
        "title": "equity",
        "_id": "609bcec5d0a9ce7fbf3a391c"
      }
    ]
  },
  "7ac658a53bf4a828175b32a479d87c8d1beaed71.png": {
    "title": "NI-Logo-No-Text.png",
    "description": "Open Data NI",
    "source": "https://drive.google.com/file/d/1JDcVyYhGwoABZoCfyRw5vexSOzFimLcH/view?usp=sharing",
    "licence": "All rights reserved",
    "attribution": "Open Data NI",
    "tags": [
      {
        "title": "NI Gov",
        "_id": "60ae5375d0a9ce7fbf3a41b4"
      }
    ]
  },
  "84d4e97867d8d6ac1431cde5ec5ca9a12f0936e6.png": {
    "title": "NI-Logo-No-Text-white",
    "description": "NI-Logo-No-Text-white",
    "source": "https://www.opendatani.gov.uk/",
    "licence": "All rights reserved",
    "attribution": "NI No text",
    "tags": []
  }
}